{
    "batchName": "",
    "batchTime": 0,
    "boardConf": "",
    "boardCustom": "",
    "boardName": "OAK-D",
    "boardOptions": 0,
    "boardRev": "R1M0E1",
    "cameraData": [
        [
            0,
            {
                "cameraType": 0,
                "distortionCoeff": [
                    -15.004470825195313,
                    70.34278869628906,
                    -0.0006346036097966135,
                    0.007019350305199623,
                    756.0633544921875,
                    -15.272902488708496,
                    75.6815414428711,
                    714.9711303710938,
                    0.0,
                    0.0,
                    0.0,
                    0.0,
                    0.0,
                    0.0
                ],
                "extrinsics": {
                    "rotationMatrix": [
                        [
                            0.0,
                            0.0,
                            0.0
                        ],
                        [
                            0.0,
                            0.0,
                            0.0
                        ],
                        [
                            0.0,
                            0.0,
                            0.0
                        ]
                    ],
                    "specTranslation": {
                        "x": 0.0,
                        "y": 0.0,
                        "z": 0.0
                    },
                    "toCameraSocket": -1,
                    "translation": {
                        "x": 0.0,
                        "y": 0.0,
                        "z": 0.0
                    }
                },
                "height": 1080,
                "intrinsicMatrix": [
                    [
                        1635.471923828125,
                        0.0,
                        993.1329956054688
                    ],
                    [
                        0.0,
                        1633.4027099609375,
                        541.2449951171875
                    ],
                    [
                        0.0,
                        0.0,
                        1.0
                    ]
                ],
                "lensPosition": 135,
                "specHfovDeg": 68.7938003540039,
                "width": 1920
            }
        ],
        [
            1,
            {
                "cameraType": 0,
                "distortionCoeff": [
                    -3.742424488067627,
                    6.7033185958862305,
                    -0.0016445073997601867,
                    -0.0002951680216938257,
                    193.10450744628906,
                    -3.8964056968688965,
                    7.66744327545166,
                    188.41070556640625,
                    0.0,
                    0.0,
                    0.0,
                    0.0,
                    0.0,
                    0.0
                ],
                "extrinsics": {
                    "rotationMatrix": [
                        [
                            0.999933660030365,
                            -0.0052400389686226845,
                            -0.010260362178087234
                        ],
                        [
                            0.005243764724582434,
                            0.9999861717224121,
                            0.0003362568386364728
                        ],
                        [
                            0.01025845855474472,
                            -0.00039003745769150555,
                            0.9999473094940186
                        ]
                    ],
                    "specTranslation": {
                        "x": -7.5,
                        "y": 0.0,
                        "z": 0.0
                    },
                    "toCameraSocket": 2,
                    "translation": {
                        "x": -9.473837852478027,
                        "y": 0.03281164914369583,
                        "z": -0.16695427894592285
                    }
                },
                "height": 800,
                "intrinsicMatrix": [
                    [
                        836.6316528320313,
                        0.0,
                        649.890625
                    ],
                    [
                        0.0,
                        834.0653686523438,
                        399.19586181640625
                    ],
                    [
                        0.0,
                        0.0,
                        1.0
                    ]
                ],
                "lensPosition": 0,
                "specHfovDeg": 71.86000061035156,
                "width": 1280
            }
        ],
        [
            2,
            {
                "cameraType": 0,
                "distortionCoeff": [
                    5.146549224853516,
                    49.85731506347656,
                    -0.004424200858920813,
                    0.0005913865752518177,
                    328.67236328125,
                    4.928961277008057,
                    49.13164520263672,
                    323.3233337402344,
                    0.0,
                    0.0,
                    0.0,
                    0.0,
                    0.0,
                    0.0
                ],
                "extrinsics": {
                    "rotationMatrix": [
                        [
                            0.9998294115066528,
                            -0.005040641408413649,
                            -0.01777132973074913
                        ],
                        [
                            0.005148339085280895,
                            0.9999685883522034,
                            0.006019628141075373
                        ],
                        [
                            0.01774042844772339,
                            -0.006110093556344509,
                            0.9998239874839783
                        ]
                    ],
                    "specTranslation": {
                        "x": 3.75,
                        "y": 0.0,
                        "z": 0.0
                    },
                    "toCameraSocket": 0,
                    "translation": {
                        "x": 4.735340118408203,
                        "y": 0.012382240034639835,
                        "z": 0.41625407338142395
                    }
                },
                "height": 800,
                "intrinsicMatrix": [
                    [
                        833.3213500976563,
                        0.0,
                        647.4563598632813
                    ],
                    [
                        0.0,
                        831.4064331054688,
                        409.1148986816406
                    ],
                    [
                        0.0,
                        0.0,
                        1.0
                    ]
                ],
                "lensPosition": 0,
                "specHfovDeg": 71.86000061035156,
                "width": 1280
            }
        ]
    ],
    "hardwareConf": "",
    "imuExtrinsics": {
        "rotationMatrix": [
            [
                0.0,
                0.0,
                0.0
            ],
            [
                0.0,
                0.0,
                0.0
            ],
            [
                0.0,
                0.0,
                0.0
            ]
        ],
        "specTranslation": {
            "x": 0.0,
            "y": 0.0,
            "z": 0.0
        },
        "toCameraSocket": -1,
        "translation": {
            "x": 0.0,
            "y": 0.0,
            "z": 0.0
        }
    },
    "miscellaneousData": [],
    "productName": "",
    "stereoRectificationData": {
        "leftCameraSocket": 1,