{
    "batchName": "",
    "batchTime": 0,
    "boardConf": "",
    "boardCustom": "",
    "boardName": "OAK-D",
    "boardOptions": 0,
    "boardRev": "R1M0E1",
    "cameraData": [
        [
            0,
            {
                "cameraType": 0,
                "distortionCoeff": [
                    3.340797185897827,
                    -58.716007232666016,
                    0.02820613421499729,
                    -0.03262404724955559,
                    290.4713439941406,
                    2.4993538856506348,
                    -53.9998779296875,
                    267.3004150390625,
                    0.0,
                    0.0,
                    0.0,
                    0.0,
                    0.0,
                    0.0
                ],
                "extrinsics": {
                    "rotationMatrix": [
                        [
                            0.0,
                            0.0,
                            0.0
                        ],
                        [
                            0.0,
                            0.0,
                            0.0
                        ],
                        [
                            0.0,
                            0.0,
                            0.0
                        ]
                    ],
                    "specTranslation": {
                        "x": -0.0,
                        "y": -0.0,
                        "z": -0.0
                    },
                    "toCameraSocket": -1,
                    "translation": {
                        "x": 0.0,
                        "y": 0.0,
                        "z": 0.0
                    }
                },
                "height": 1080,
                "intrinsicMatrix": [
                    [
                        2190.0498046875,
                        0.0,
                        891.2911376953125
                    ],
                    [
                        0.0,
                        2187.27880859375,
                        595.6740112304688
                    ],
                    [
                        0.0,
                        0.0,
                        1.0
                    ]
                ],
                "lensPosition": 135,
                "specHfovDeg": 68.7938003540039,
                "width": 1920
            }
        ],
        [
            1,
            {
                "cameraType": 0,
                "distortionCoeff": [
                    -17.898330688476563,
                    230.54837036132813,
                    0.010834203101694584,
                    -0.0197758711874485,
                    -167.49853515625,
                    -18.298601150512695,
                    234.73104858398438,
                    -236.33151245117188,
                    0.0,
                    0.0,
                    0.0,
                    0.0,
                    0.0,
                    0.0
                ],
                "extrinsics": {
                    "rotationMatrix": [
                        [
                            0.9997828602790833,
                            -0.0069302828051149845,
                            -0.01965061016380787
                        ],
                        [
                            0.006592532619833946,
                            0.9998303055763245,
                            -0.017200777307152748
                        ],
                        [
                            0.019766483455896378,
                            0.017067495733499527,
                            0.9996589422225952
                        ]
                    ],
                    "specTranslation": {
                        "x": -7.5,
                        "y": 0.0,
                        "z": 0.0
                    },
                    "toCameraSocket": 2,
                    "translation": {
                        "x": -7.496887683868408,
                        "y": 0.008803519420325756,
                        "z": 0.17275837063789368
                    }
                },
                "height": 800,
                "intrinsicMatrix": [
                    [
                        1114.2923583984375,
                        0.0,
                        616.4551391601563
                    ],
                    [
                        0.0,
                        1110.7857666015625,
                        417.08575439453125
                    ],
                    [
                        0.0,
                        0.0,
                        1.0
                    ]
                ],
                "lensPosition": 0,
                "specHfovDeg": 71.86000061035156,
                "width": 1280
            }
        ],
        [
            2,
            {
                "cameraType": 0,
                "distortionCoeff": [
                    31.621797561645508,
                    449.3482666015625,
                    0.026362543925642967,
                    -0.013310874812304974,
                    -1845.0682373046875,
                    31.549846649169922,
                    404.8222961425781,
                    -1742.6502685546875,
                    0.0,
                    0.0,
                    0.0,
                    0.0,
                    0.0,
                    0.0
                ],
                "extrinsics": {
                    "rotationMatrix": [
                        [
                            0.9998677372932434,
                            -0.004346536472439766,
                            0.015669798478484154
                        ],
                        [
                            0.004152088891714811,
                            0.9999142289161682,
                            0.012420359067618847
                        ],
                        [
                            -0.01572244055569172,
                            -0.012353654019534588,
                            0.9998000860214233
                        ]
                    ],
                    "specTranslation": {
                        "x": 3.75,
                        "y": 0.0,
                        "z": 0.0
                    },
                    "toCameraSocket": 0,
                    "translation": {
                        "x": 3.742185592651367,
                        "y": 0.042683281004428864,
                        "z": -0.22144761681556702
                    }
                },
                "height": 800,
                "intrinsicMatrix": [
                    [
                        1118.0760498046875,
                        0.0,
                        628.3226318359375
                    ],
                    [
                        0.0,
                        1118.9017333984375,
                        447.5200500488281
                    ],
                    [
                        0.0,
                        0.0,
                        1.0
                    ]
                ],
                "lensPosition": 0,
                "specHfovDeg": 71.86000061035156,
                "width": 1280
            }
        ]
    ],
    "hardwareConf": "",
    "imuExtrinsics": {
        "rotationMatrix": [
            [
                0.0,
                0.0,
                0.0
            ],
            [
                0.0,
                0.0,
                0.0
            ],
            [
                0.0,
                0.0,
                0.0
            ]
        ],
        "specTranslation": {
            "x": 0.0,
            "y": 0.0,
            "z": 0.0
        },
        "toCameraSocket": -1,
        "translation": {
            "x": 0.0,
            "y": 0.0,
            "z": 0.0
        }
    },
    "miscellaneousData": [],
    "productName": "",
    "stereoRectificationData": {
        "leftCameraSocket": 1,