{
    "batchName": "",
    "batchTime": 0,
    "boardConf": "",
    "boardCustom": "",
    "boardName": "OAK-D",
    "boardOptions": 0,
    "boardRev": "R1M0E1",
    "cameraData": [
        [
            2,
            {
                "cameraType": 0,
                "distortionCoeff": [
                    -10.8548002243042,
                    112.23958587646484,
                    0.0021413445938378572,
                    -0.00024318177020177245,
                    -67.03113555908203,
                    -10.886739730834961,
                    111.53903198242188,
                    -65.47197723388672,
                    0.0,
                    0.0,
                    0.0,
                    0.0,
                    0.0,
                    0.0
                ],
                "extrinsics": {
                    "rotationMatrix": [
                        [
                            0.9993686079978943,
                            0.03553043678402901,
                            0.00013779646542388946
                        ],
                        [
                            -0.0355307012796402,
                            0.9993625283241272,
                            0.003479195525869727
                        ],
                        [
                            -1.4091286175244022e-05,
                            -0.0034818947315216064,
                            0.9999939203262329
                        ]
                    ],
                    "specTranslation": {
                        "x": 3.75,
                        "y": 0.0,
                        "z": 0.0
                    },
                    "toCameraSocket": 0,
                    "translation": {
                        "x": 3.713705062866211,
                        "y": -0.05057206749916077,
                        "z": -0.30289211869239807
                    }
                },
                "height": 800,
                "intrinsicMatrix": [
                    [
                        807.5399780273438,
                        0.0,
                        649.1373901367188
                    ],
                    [
                        0.0,
                        807.5399780273438,
                        344.2926940917969
                    ],
                    [
                        0.0,
                        0.0,
                        1.0
                    ]
                ],
                "lensPosition": 0,
                "specHfovDeg": 71.86000061035156,
                "width": 1280
            }
        ],
        [
            0,
            {
                "cameraType": 0,
                "distortionCoeff": [
                    1.735672950744629,
                    -43.97657012939453,
                    0.0015044005122035742,
                    -0.0003657835768535733,
                    258.5315856933594,
                    1.5566797256469727,
                    -42.53009796142578,
                    252.2256317138672,
                    0.0,
                    0.0,
                    0.0,
                    0.0,
                    0.0,
                    0.0
                ],
                "extrinsics": {
                    "rotationMatrix": [
                        [
                            0.0,
                            0.0,
                            0.0
                        ],
                        [
                            0.0,
                            0.0,
                            0.0
                        ],
                        [
                            0.0,
                            0.0,
                            0.0
                        ]
                    ],
                    "specTranslation": {
                        "x": -0.0,
                        "y": -0.0,
                        "z": -0.0
                    },
                    "toCameraSocket": -1,
                    "translation": {
                        "x": 0.0,
                        "y": 0.0,
                        "z": 0.0
                    }
                },
                "height": 2160,
                "intrinsicMatrix": [
                    [
                        3109.843017578125,
                        0.0,
                        1900.7618408203125
                    ],
                    [
                        0.0,
                        3109.843017578125,
                        1082.1610107421875
                    ],
                    [
                        0.0,
                        0.0,
                        1.0
                    ]
                ],
                "lensPosition": 126,
                "specHfovDeg": 68.7938003540039,
                "width": 3840
            }
        ],
        [
            1,
            {
                "cameraType": 0,
                "distortionCoeff": [
                    -10.874527931213379,
                    85.90614318847656,
                    0.002936361590400338,
                    -0.0011091750347986817,
                    -96.80409240722656,
                    -10.929804801940918,
                    85.81083679199219,
                    -96.39652252197266,
                    0.0,
                    0.0,
                    0.0,
                    0.0,
                    0.0,
                    0.0
                ],
                "extrinsics": {
                    "rotationMatrix": [
                        [
                            0.9998162984848022,
                            -0.018731066957116127,
                            -0.004067803267389536
                        ],
                        [
                            0.018737362697720528,
                            0.999823272228241,
                            0.0015149569371715188
                        ],
                        [
                            0.004038707818835974,
                            -0.0015908984933048487,
                            0.9999905824661255
                        ]
                    ],
                    "specTranslation": {
                        "x": -7.5,
                        "y": 0.0,
                        "z": 0.0
                    },
                    "toCameraSocket": 2,
                    "translation": {
                        "x": -7.517963886260986,
                        "y": -0.09963464736938477,
                        "z": -0.001984828384593129
                    }
                },
                "height": 800,
                "intrinsicMatrix": [
                    [
                        806.4515991210938,
                        0.0,
                        675.2731323242188
                    ],
                    [
                        0.0,
                        806.4515991210938,
                        341.7231140136719
                    ],
                    [
                        0.0,
                        0.0,
                        1.0
                    ]
                ],
                "lensPosition": 0,
                "specHfovDeg": 71.86000061035156,
                "width": 1280
            }
        ]
    ],
    "hardwareConf": "",
    "imuExtrinsics": {
        "rotationMatrix": [
            [
                0.0,
                0.0,
                0.0
            ],
            [
                0.0,
                0.0,
                0.0
            ],
            [
                0.0,
                0.0,
                0.0
            ]
        ],
        "specTranslation": {
            "x": 0.0,
            "y": 0.0,
            "z": 0.0
        },
        "toCameraSocket": -1,
        "translation": {
            "x": 0.0,
            "y": 0.0,
            "z": 0.0
        }
    },
    "miscellaneousData": [],
    "productName": "",
    "stereoRectificationData": {
        "leftCameraSocket": 1,